close,timestamp
0,8505.66,2018-03-20 06:58:00
1,8496.78,2018-03-20 06:59:00
2,8504.0,2018-03-20 07:00:00
3,8504.38,2018-03-20 07:01:00
4,8498.07,2018-03-20 07:02:00
5,8494.17,2018-03-20 07:03:00
6,8494.43,2018-03-20 07:04:00
7,8488.18,2018-03-20 07:05:00
8,8487.09,2018-03-20 07:06:00
9,8489.09,2018-03-20 07:07:00
10,8487.49,2018-03-20 07:08:00
11,8486.16,2018-03-20 07:09:00
12,8485.65,2018-03-20 07:10:00
13,8487.02,2018-03-20 07:11:00
14,8481.56,2018-03-20 07:12:00
15,8476.86,2018-03-20 07:13:00
16,8471.85,2018-03-20 07:14:00
17,8471.78,2018-03-20 07:15:00
18,8483.14,2018-03-20 07:16:00
19,8481.05,2018-03-20 07:17:00
20,8483.02,2018-03-20 07:18:00
21,8487.02,2018-03-20 07:19:00
22,8488.49,2018-03-20 07:20:00
23,8484.85,2018-03-20 07:21:00
24,8487.62,2018-03-20 07:22:00
25,8488.8,2018-03-20 07:23:00
26,8514.97,2018-03-20 07:24:00
27,8573.6,2018-03-20 07:25:00
28,8564.28,2018-03-20 07:26:00
29,8571.43,2018-03-20 07:27:00
30,8563.67,2018-03-20 07:28:00
31,8560.44,2018-03-20 07:29:00
32,8569.26,2018-03-20 07:30:00
33,8569.01,2018-03-20 07:31:00
34,8554.42,2018-03-20 07:32:00
35,8559.7,2018-03-20 07:33:00
36,8558.05,2018-03-20 07:34:00
37,8556.01,2018-03-20 07:35:00
38,8550.12,2018-03-20 07:36:00
39,8557.18,2018-03-20 07:37:00
40,8554.48,2018-03-20 07:38:00
41,8547.19,2018-03-20 07:39:00
42,8544.3,2018-03-20 07:40:00
43,8545.29,2018-03-20 07:41:00
44,8545.86,2018-03-20 07:42:00
45,8546.57,2018-03-20 07:43:00
46,8545.88,2018-03-20 07:44:00
47,8538.09,2018-03-20 07:45:00
48,8527.89,2018-03-20 07:46:00
49,8528.96,2018-03-20 07:47:00
50,8525.02,2018-03-20 07:48:00
51,8523.03,2018-03-20 07:49:00
52,8526.26,2018-03-20 07:50:00
53,8534.01,2018-03-20 07:51:00
54,8533.47,2018-03-20 07:52:00
55,8535.44,2018-03-20 07:53:00
56,8553.15,2018-03-20 07:54:00
57,8547.99,2018-03-20 07:55:00
58,8544.72,2018-03-20 07:56:00
59,8536.5,2018-03-20 07:57:00
60,8541.73,2018-03-20 07:58:00
61,8546.0,2018-03-20 07:59:00
62,8530.72,2018-03-20 08:00:00
63,8522.13,2018-03-20 08:01:00
64,8508.55,2018-03-20 08:02:00
65,8517.44,2018-03-20 08:03:00
66,8512.96,2018-03-20 08:04:00
67,8511.56,2018-03-20 08:05:00
68,8498.26,2018-03-20 08:06:00
69,8504.99,2018-03-20 08:07:00
70,8504.09,2018-03-20 08:08:00
71,8501.15,2018-03-20 08:09:00
72,8504.17,2018-03-20 08:10:00
73,8505.35,2018-03-20 08:11:00
74,8505.18,2018-03-20 08:12:00
75,8507.55,2018-03-20 08:13:00
76,8509.17,2018-03-20 08:14:00
77,8509.26,2018-03-20 08:15:00
78,8508.47,2018-03-20 08:16:00
79,8509.69,2018-03-20 08:17:00
80,8510.08,2018-03-20 08:18:00
81,8519.62,2018-03-20 08:19:00
82,8517.76,2018-03-20 08:20:00
83,8522.92,2018-03-20 08:21:00
84,8503.14,2018-03-20 08:22:00
85,8506.78,2018-03-20 08:23:00
86,8507.8,2018-03-20 08:24:00
87,8512.57,2018-03-20 08:25:00
88,8512.34,2018-03-20 08:26:00
89,8512.77,2018-03-20 08:27:00
90,8513.91,2018-03-20 08:28:00
91,8525.94,2018-03-20 08:29:00
92,8537.33,2018-03-20 08:30:00
93,8531.9,2018-03-20 08:31:00
94,8535.1,2018-03-20 08:32:00
95,8537.02,2018-03-20 08:33:00
96,8537.07,2018-03-20 08:34:00
97,8538.45,2018-03-20 08:35:00
98,8533.34,2018-03-20 08:36:00
99,8539.05,2018-03-20 08:37:00
100,8549.45,2018-03-20 08:38:00
101,8541.28,2018-03-20 08:39:00
102,8541.82,2018-03-20 08:40:00
103,8540.61,2018-03-20 08:41:00
104,8541.94,2018-03-20 08:42:00
105,8542.42,2018-03-20 08:43:00
106,8546.01,2018-03-20 08:44:00
107,8571.58,2018-03-20 08:45:00
108,8572.37,2018-03-20 08:46:00
109,8560.6,2018-03-20 08:47:00
110,8567.26,2018-03-20 08:48:00
111,8573.38,2018-03-20 08:49:00
112,8574.12,2018-03-20 08:50:00
113,8573.26,2018-03-20 08:51:00
114,8589.32,2018-03-20 08:52:00
115,8619.88,2018-03-20 08:53:00
116,8587.47,2018-03-20 08:54:00
117,8600.81,2018-03-20 08:55:00
118,8593.33,2018-03-20 08:56:00
119,8575.35,2018-03-20 08:57:00
120,8574.03,2018-03-20 08:58:00
121,8572.34,2018-03-20 08:59:00
122,8562.42,2018-03-20 09:00:00
123,8564.81,2018-03-20 09:01:00
124,8573.21,2018-03-20 09:02:00
125,8577.11,2018-03-20 09:03:00
126,8576.61,2018-03-20 09:04:00
127,8567.43,2018-03-20 09:05:00
128,8566.91,2018-03-20 09:06:00
129,8570.6,2018-03-20 09:07:00
130,8570.02,2018-03-20 09:08:00
131,8570.73,2018-03-20 09:09:00
132,8577.14,2018-03-20 09:10:00
133,8580.95,2018-03-20 09:11:00
134,8579.02,2018-03-20 09:12:00
135,8567.22,2018-03-20 09:13:00
136,8563.18,2018-03-20 09:14:00
137,8550.21,2018-03-20 09:15:00
138,8531.27,2018-03-20 09:16:00
139,8549.32,2018-03-20 09:17:00
140,8545.18,2018-03-20 09:18:00
141,8544.6,2018-03-20 09:19:00
142,8543.96,2018-03-20 09:20:00
143,8551.47,2018-03-20 09:21:00
144,8553.98,2018-03-20 09:22:00
145,8544.83,2018-03-20 09:23:00
146,8546.06,2018-03-20 09:24:00
147,8543.52,2018-03-20 09:25:00
148,8518.47,2018-03-20 09:26:00
149,8525.09,2018-03-20 09:27:00
150,8528.29,2018-03-20 09:28:00
151,8531.9,2018-03-20 09:29:00
152,8533.08,2018-03-20 09:30:00
153,8537.71,2018-03-20 09:31:00
154,8536.19,2018-03-20 09:32:00
155,8534.61,2018-03-20 09:33:00
156,8535.02,2018-03-20 09:34:00
157,8535.81,2018-03-20 09:35:00
158,8542.23,2018-03-20 09:36:00
159,8550.05,2018-03-20 09:37:00
160,8558.72,2018-03-20 09:38:00
161,8557.5,2018-03-20 09:39:00
162,8554.91,2018-03-20 09:40:00
163,8557.03,2018-03-20 09:41:00
164,8558.26,2018-03-20 09:42:00
165,8552.44,2018-03-20 09:43:00
166,8548.78,2018-03-20 09:44:00
167,8547.33,2018-03-20 09:45:00
168,8544.74,2018-03-20 09:46:00
169,8544.86,2018-03-20 09:47:00
170,8535.59,2018-03-20 09:48:00
171,8537.13,2018-03-20 09:49:00
172,8536.0,2018-03-20 09:50:00
173,8535.15,2018-03-20 09:51:00
174,8534.48,2018-03-20 09:52:00
175,8533.59,2018-03-20 09:53:00
176,8533.92,2018-03-20 09:54:00
177,8532.23,2018-03-20 09:55:00
178,8521.51,2018-03-20 09:56:00
179,8510.0,2018-03-20 09:57:00
180,8489.6,2018-03-20 09:58:00
181,8498.41,2018-03-20 09:59:00
182,8488.99,2018-03-20 10:00:00
183,8486.73,2018-03-20 10:01:00
184,8503.42,2018-03-20 10:02:00
185,8506.61,2018-03-20 10:03:00
186,8505.28,2018-03-20 10:04:00
187,8505.94,2018-03-20 10:05:00
188,8500.25,2018-03-20 10:06:00
189,8499.05,2018-03-20 10:07:00
190,8517.47,2018-03-20 10:08:00
191,8533.83,2018-03-20 10:09:00
192,8538.36,2018-03-20 10:10:00
193,8538.16,2018-03-20 10:11:00
194,8534.62,2018-03-20 10:12:00
195,8530.95,2018-03-20 10:13:00
196,8523.67,2018-03-20 10:14:00
197,8524.42,2018-03-20 10:15:00
198,8529.46,2018-03-20 10:16:00
199,8511.2,2018-03-20 10:17:00
200,8505.62,2018-03-20 10:18:00
201,8502.07,2018-03-20 10:19:00
202,8507.37,2018-03-20 10:20:00
203,8509.35,2018-03-20 10:21:00
204,8506.74,2018-03-20 10:22:00
205,8506.57,2018-03-20 10:23:00
206,8512.05,2018-03-20 10:24:00
207,8512.43,2018-03-20 10:25:00
208,8515.68,2018-03-20 10:26:00
209,8516.8,2018-03-20 10:27:00
210,8515.87,2018-03-20 10:28:00
211,8515.64,2018-03-20 10:29:00
212,8505.34,2018-03-20 10:30:00
213,8475.21,2018-03-20 10:31:00
214,8482.19,2018-03-20 10:32:00
215,8486.77,2018-03-20 10:33:00
216,8487.5,2018-03-20 10:34:00
217,8489.48,2018-03-20 10:35:00
218,8500.73,2018-03-20 10:36:00
219,8501.6,2018-03-20 10:37:00
220,8500.78,2018-03-20 10:38:00
221,8501.31,2018-03-20 10:39:00
222,8508.61,2018-03-20 10:40:00
223,8513.39,2018-03-20 10:41:00
224,8511.74,2018-03-20 10:42:00
225,8511.28,2018-03-20 10:43:00
226,8511.95,2018-03-20 10:44:00
227,8525.75,2018-03-20 10:45:00
228,8531.69,2018-03-20 10:46:00
229,8535.32,2018-03-20 10:47:00
230,8534.66,2018-03-20 10:48:00
231,8530.59,2018-03-20 10:49:00
232,8532.55,2018-03-20 10:50:00
233,8545.46,2018-03-20 10:51:00
234,8539.96,2018-03-20 10:52:00
235,8543.47,2018-03-20 10:53:00
236,8552.56,2018-03-20 10:54:00
237,8547.04,2018-03-20 10:55:00
238,8545.78,2018-03-20 10:56:00
239,8539.17,2018-03-20 10:57:00
240,8541.14,2018-03-20 10:58:00
241,8539.36,2018-03-20 10:59:00
242,8546.55,2018-03-20 11:00:00
243,8559.0,2018-03-20 11:01:00
244,8562.75,2018-03-20 11:02:00
245,8551.45,2018-03-20 11:03:00
246,8555.88,2018-03-20 11:04:00
247,8553.32,2018-03-20 11:05:00
248,8547.37,2018-03-20 11:06:00
249,8547.54,2018-03-20 11:07:00
250,8547.18,2018-03-20 11:08:00
251,8548.17,2018-03-20 11:09:00
252,8552.47,2018-03-20 11:10:00
253,8557.22,2018-03-20 11:11:00
254,8550.8,2018-03-20 11:12:00
255,8535.56,2018-03-20 11:13:00
256,8537.83,2018-03-20 11:14:00
257,8534.5,2018-03-20 11:15:00
258,8535.03,2018-03-20 11:16:00
259,8538.2,2018-03-20 11:17:00
260,8537.27,2018-03-20 11:18:00
261,8538.21,2018-03-20 11:19:00
262,8544.01,2018-03-20 11:20:00
263,8549.18,2018-03-20 11:21:00
264,8555.46,2018-03-20 11:22:00
265,8571.68,2018-03-20 11:23:00
266,8578.12,2018-03-20 11:24:00
267,8581.29,2018-03-20 11:25:00
268,8603.84,2018-03-20 11:26:00
269,8596.32,2018-03-20 11:27:00
270,8598.88,2018-03-20 11:28:00
271,8607.37,2018-03-20 11:29:00
272,8617.52,2018-03-20 11:30:00
273,8593.0,2018-03-20 11:31:00
274,8587.67,2018-03-20 11:32:00
275,8573.38,2018-03-20 11:33:00
276,8580.06,2018-03-20 11:34:00
277,8566.24,2018-03-20 11:35:00
278,8560.73,2018-03-20 11:36:00
279,8562.25,2018-03-20 11:37:00
280,8562.04,2018-03-20 11:38:00
281,8570.66,2018-03-20 11:39:00
282,8574.73,2018-03-20 11:40:00
283,8570.71,2018-03-20 11:41:00
284,8568.47,2018-03-20 11:42:00
285,8583.01,2018-03-20 11:43:00
286,8580.88,2018-03-20 11:44:00
287,8573.57,2018-03-20 11:45:00
288,8578.97,2018-03-20 11:46:00
289,8573.4,2018-03-20 11:47:00
290,8572.7,2018-03-20 11:48:00
291,8571.53,2018-03-20 11:49:00
292,8561.39,2018-03-20 11:50:00
293,8561.42,2018-03-20 11:51:00
294,8559.11,2018-03-20 11:52:00
295,8553.35,2018-03-20 11:53:00
296,8561.19,2018-03-20 11:54:00
297,8558.28,2018-03-20 11:55:00
298,8556.89,2018-03-20 11:56:00
299,8551.51,2018-03-20 11:57:00
300,8551.42,2018-03-20 11:58:00
301,8548.87,2018-03-20 11:59:00
302,8556.23,2018-03-20 12:00:00
303,8559.64,2018-03-20 12:01:00
304,8567.08,2018-03-20 12:02:00
305,8568.02,2018-03-20 12:03:00
306,8573.94,2018-03-20 12:04:00
307,8577.56,2018-03-20 12:05:00
308,8580.2,2018-03-20 12:06:00
309,8580.28,2018-03-20 12:07:00
310,8581.27,2018-03-20 12:08:00
311,8581.05,2018-03-20 12:09:00
312,8581.4,2018-03-20 12:10:00
313,8581.79,2018-03-20 12:11:00
314,8570.15,2018-03-20 12:12:00
315,8571.71,2018-03-20 12:13:00
316,8569.3,2018-03-20 12:14:00
317,8588.52,2018-03-20 12:15:00
318,8604.37,2018-03-20 12:16:00
319,8655.61,2018-03-20 12:17:00
320,8727.33,2018-03-20 12:18:00
321,8716.7,2018-03-20 12:19:00
322,8717.35,2018-03-20 12:20:00
323,8727.04,2018-03-20 12:21:00
324,8766.95,2018-03-20 12:22:00
325,8829.53,2018-03-20 12:23:00
326,8841.16,2018-03-20 12:24:00
327,8803.69,2018-03-20 12:25:00
328,8805.41,2018-03-20 12:26:00
329,8810.23,2018-03-20 12:27:00
330,8823.13,2018-03-20 12:28:00
331,8807.54,2018-03-20 12:29:00
332,8819.04,2018-03-20 12:30:00
333,8846.64,2018-03-20 12:31:00
334,8826.17,2018-03-20 12:32:00
335,8827.35,2018-03-20 12:33:00
336,8824.88,2018-03-20 12:34:00
337,8826.83,2018-03-20 12:35:00
338,8847.61,2018-03-20 12:36:00
339,8847.57,2018-03-20 12:37:00
340,8842.9,2018-03-20 12:38:00
341,8832.89,2018-03-20 12:39:00
342,8833.32,2018-03-20 12:40:00
343,8833.27,2018-03-20 12:41:00
344,8814.15,2018-03-20 12:42:00
345,8819.81,2018-03-20 12:43:00
346,8819.56,2018-03-20 12:44:00
347,8822.2,2018-03-20 12:45:00
348,8820.67,2018-03-20 12:46:00
349,8821.42,2018-03-20 12:47:00
350,8811.76,2018-03-20 12:48:00
351,8799.14,2018-03-20 12:49:00
352,8777.27,2018-03-20 12:50:00
353,8803.16,2018-03-20 12:51:00
354,8803.02,2018-03-20 12:52:00
355,8820.7,2018-03-20 12:53:00
356,8826.69,2018-03-20 12:54:00
357,8804.92,2018-03-20 12:55:00
358,8826.93,2018-03-20 12:56:00
359,8842.77,2018-03-20 12:57:00
360,8860.8,2018-03-20 12:58:00
361,8847.5,2018-03-20 12:59:00
362,8858.79,2018-03-20 13:00:00
363,8852.79,2018-03-20 13:01:00
364,8821.06,2018-03-20 13:02:00
365,8836.76,2018-03-20 13:03:00
366,8823.89,2018-03-20 13:04:00
367,8824.73,2018-03-20 13:05:00
368,8831.73,2018-03-20 13:06:00
369,8829.07,2018-03-20 13:07:00
370,8829.68,2018-03-20 13:08:00
371,8835.0,2018-03-20 13:09:00
372,8835.49,2018-03-20 13:10:00
373,8832.79,2018-03-20 13:11:00
374,8833.48,2018-03-20 13:12:00
375,8818.01,2018-03-20 13:13:00
376,8825.02,2018-03-20 13:14:00
377,8826.6,2018-03-20 13:15:00
378,8828.1,2018-03-20 13:16:00
379,8824.87,2018-03-20 13:17:00
380,8830.19,2018-03-20 13:18:00
381,8845.76,2018-03-20 13:19:00
382,8839.71,2018-03-20 13:20:00
383,8840.59,2018-03-20 13:21:00
384,8845.47,2018-03-20 13:22:00
385,8839.86,2018-03-20 13:23:00
386,8844.14,2018-03-20 13:24:00
387,8842.42,2018-03-20 13:25:00
388,8831.69,2018-03-20 13:26:00
389,8822.52,2018-03-20 13:27:00
390,8821.67,2018-03-20 13:28:00
391,8816.23,2018-03-20 13:29:00
392,8804.09,2018-03-20 13:30:00
393,8801.89,2018-03-20 13:31:00
394,8808.6,2018-03-20 13:32:00
395,8816.29,2018-03-20 13:33:00
396,8824.5,2018-03-20 13:34:00
397,8825.74,2018-03-20 13:35:00
398,8828.08,2018-03-20 13:36:00
399,8827.7,2018-03-20 13:37:00
400,8837.75,2018-03-20 13:38:00
401,8839.05,2018-03-20 13:39:00
402,8845.97,2018-03-20 13:40:00
403,8836.24,2018-03-20 13:41:00
404,8841.99,2018-03-20 13:42:00
405,8860.08,2018-03-20 13:43:00
406,8897.05,2018-03-20 13:44:00
407,8889.72,2018-03-20 13:45:00
408,8884.84,2018-03-20 13:46:00
409,8869.25,2018-03-20 13:47:00
410,8863.86,2018-03-20 13:48:00
411,8867.12,2018-03-20 13:49:00
412,8863.03,2018-03-20 13:50:00
413,8864.68,2018-03-20 13:51:00
414,8871.34,2018-03-20 13:52:00
415,8867.78,2018-03-20 13:53:00
416,8865.4,2018-03-20 13:54:00
417,8872.9,2018-03-20 13:55:00
418,8886.0,2018-03-20 13:56:00
419,8883.16,2018-03-20 13:57:00
420,8884.09,2018-03-20 13:58:00
421,8881.7,2018-03-20 13:59:00
422,8890.38,2018-03-20 14:00:00
423,8878.7,2018-03-20 14:01:00
424,8863.27,2018-03-20 14:02:00
425,8871.82,2018-03-20 14:03:00
426,8873.35,2018-03-20 14:04:00
427,8871.87,2018-03-20 14:05:00
428,8873.36,2018-03-20 14:06:00
429,8877.79,2018-03-20 14:07:00
430,8876.69,2018-03-20 14:08:00
431,8885.4,2018-03-20 14:09:00
432,8887.55,2018-03-20 14:10:00
433,8888.59,2018-03-20 14:11:00
434,8896.49,2018-03-20 14:12:00
435,8882.47,2018-03-20 14:13:00
436,8870.53,2018-03-20 14:14:00
437,8874.45,2018-03-20 14:15:00
438,8872.87,2018-03-20 14:16:00
439,8875.07,2018-03-20 14:17:00
440,8873.78,2018-03-20 14:18:00
441,8873.47,2018-03-20 14:19:00
442,8876.2,2018-03-20 14:20:00
443,8872.82,2018-03-20 14:21:00
444,8868.48,2018-03-20 14:22:00
445,8857.07,2018-03-20 14:23:00
446,8836.26,2018-03-20 14:24:00
447,8838.25,2018-03-20 14:25:00
448,8838.55,2018-03-20 14:26:00
449,8829.29,2018-03-20 14:27:00
450,8823.04,2018-03-20 14:28:00
451,8837.15,2018-03-20 14:29:00
452,8839.68,2018-03-20 14:30:00
453,8838.47,2018-03-20 14:31:00
454,8824.62,2018-03-20 14:32:00
455,8827.92,2018-03-20 14:33:00
456,8825.09,2018-03-20 14:34:00
457,8826.05,2018-03-20 14:35:00
458,8825.68,2018-03-20 14:36:00
459,8834.68,2018-03-20 14:37:00
460,8837.54,2018-03-20 14:38:00
461,8840.32,2018-03-20 14:39:00
462,8847.34,2018-03-20 14:40:00
463,8849.02,2018-03-20 14:41:00
464,8850.43,2018-03-20 14:42:00
465,8848.99,2018-03-20 14:43:00
466,8849.95,2018-03-20 14:44:00
467,8862.06,2018-03-20 14:45:00
468,8855.08,2018-03-20 14:46:00
469,8858.83,2018-03-20 14:47:00
470,8856.18,2018-03-20 14:48:00
471,8853.72,2018-03-20 14:49:00
472,8856.3,2018-03-20 14:50:00
473,8861.34,2018-03-20 14:51:00
474,8845.45,2018-03-20 14:52:00
475,8854.99,2018-03-20 14:53:00
476,8846.73,2018-03-20 14:54:00
477,8841.47,2018-03-20 14:55:00
478,8839.57,2018-03-20 14:56:00
479,8838.95,2018-03-20 14:57:00
480,8842.72,2018-03-20 14:58:00
481,8840.8,2018-03-20 14:59:00
482,8841.16,2018-03-20 15:00:00
483,8844.68,2018-03-20 15:01:00
484,8848.58,2018-03-20 15:02:00
485,8851.07,2018-03-20 15:03:00
486,8854.16,2018-03-20 15:04:00
487,8855.1,2018-03-20 15:05:00
488,8856.27,2018-03-20 15:06:00
489,8857.99,2018-03-20 15:07:00
490,8857.59,2018-03-20 15:08:00
491,8858.31,2018-03-20 15:09:00
492,8858.78,2018-03-20 15:10:00
493,8857.64,2018-03-20 15:11:00
494,8853.4,2018-03-20 15:12:00
495,8852.49,2018-03-20 15:13:00
496,8851.78,2018-03-20 15:14:00
497,8844.5,2018-03-20 15:15:00
498,8842.45,2018-03-20 15:16:00
499,8838.0,2018-03-20 15:17:00
500,8836.22,2018-03-20 15:18:00
501,8842.84,2018-03-20 15:19:00
502,8857.28,2018-03-20 15:20:00
503,8860.3,2018-03-20 15:21:00
504,8861.69,2018-03-20 15:22:00
505,8866.13,2018-03-20 15:23:00
506,8878.43,2018-03-20 15:24:00
507,8875.52,2018-03-20 15:25:00
508,8875.62,2018-03-20 15:26:00
509,8873.67,2018-03-20 15:27:00
510,8869.62,2018-03-20 15:28:00
511,8870.31,2018-03-20 15:29:00
512,8868.74,2018-03-20 15:30:00
513,8867.36,2018-03-20 15:31:00
514,8866.07,2018-03-20 15:32:00
515,8874.93,2018-03-20 15:33:00
516,8875.54,2018-03-20 15:34:00
517,8877.9,2018-03-20 15:35:00
518,8880.92,2018-03-20 15:36:00
519,8934.11,2018-03-20 15:37:00
520,8961.9,2018-03-20 15:38:00
521,8947.57,2018-03-20 15:39:00
522,8955.12,2018-03-20 15:40:00
523,8955.73,2018-03-20 15:41:00
524,8965.49,2018-03-20 15:42:00
525,8973.28,2018-03-20 15:43:00
526,8971.36,2018-03-20 15:44:00
527,8954.35,2018-03-20 15:45:00
528,8957.24,2018-03-20 15:46:00
529,8967.78,2018-03-20 15:47:00
530,8972.67,2018-03-20 15:48:00
531,8970.43,2018-03-20 15:49:00
532,8967.08,2018-03-20 15:50:00
533,8964.62,2018-03-20 15:51:00
534,8963.86,2018-03-20 15:52:00
535,8975.18,2018-03-20 15:53:00
536,8970.58,2018-03-20 15:54:00
537,8971.67,2018-03-20 15:55:00
538,8973.9,2018-03-20 15:56:00
539,8970.45,2018-03-20 15:57:00
540,8961.7,2018-03-20 15:58:00
541,8969.02,2018-03-20 15:59:00
542,8961.32,2018-03-20 16:00:00
543,8956.55,2018-03-20 16:01:00
544,8957.7,2018-03-20 16:02:00
545,8959.78,2018-03-20 16:03:00
546,8959.62,2018-03-20 16:04:00
547,8996.79,2018-03-20 16:05:00
548,8996.26,2018-03-20 16:06:00
549,9013.97,2018-03-20 16:07:00
550,9046.47,2018-03-20 16:08:00
551,9013.9,2018-03-20 16:09:00
552,9025.65,2018-03-20 16:10:00
553,9025.05,2018-03-20 16:11:00
554,9018.26,2018-03-20 16:12:00
555,9019.7,2018-03-20 16:13:00
556,9020.91,2018-03-20 16:14:00
557,9023.6,2018-03-20 16:15:00
558,9026.16,2018-03-20 16:16:00
559,9038.05,2018-03-20 16:17:00
560,9030.99,2018-03-20 16:18:00
561,9028.85,2018-03-20 16:19:00
562,9029.73,2018-03-20 16:20:00
563,9023.19,2018-03-20 16:21:00
564,8985.98,2018-03-20 16:22:00
565,8989.58,2018-03-20 16:23:00
566,8999.61,2018-03-20 16:24:00
567,9001.5,2018-03-20 16:25:00
568,8991.03,2018-03-20 16:26:00
569,8978.92,2018-03-20 16:27:00
570,8963.57,2018-03-20 16:28:00
571,8975.24,2018-03-20 16:29:00
572,8973.05,2018-03-20 16:30:00
573,8975.75,2018-03-20 16:31:00
574,8981.28,2018-03-20 16:32:00
575,8961.66,2018-03-20 16:33:00
576,8970.7,2018-03-20 16:34:00
577,8974.34,2018-03-20 16:35:00
578,8964.08,2018-03-20 16:36:00
579,8962.4,2018-03-20 16:37:00
580,8959.96,2018-03-20 16:38:00
581,8959.4,2018-03-20 16:39:00
582,8955.33,2018-03-20 16:40:00
583,8897.92,2018-03-20 16:41:00
584,8898.51,2018-03-20 16:42:00
585,8909.05,2018-03-20 16:43:00
586,8912.79,2018-03-20 16:44:00
587,8927.74,2018-03-20 16:45:00
588,8938.09,2018-03-20 16:46:00
589,8943.57,2018-03-20 16:47:00
590,8947.35,2018-03-20 16:48:00
591,8968.64,2018-03-20 16:49:00
592,8951.29,2018-03-20 16:50:00
593,8953.03,2018-03-20 16:51:00
594,8952.53,2018-03-20 16:52:00
595,8951.79,2018-03-20 16:53:00
596,8934.27,2018-03-20 16:54:00
597,8935.53,2018-03-20 16:55:00
598,8935.71,2018-03-20 16:56:00
599,8935.99,2018-03-20 16:57:00
600,8931.59,2018-03-20 16:58:00
601,8934.56,2018-03-20 16:59:00
602,8926.37,2018-03-20 17:00:00
603,8910.8,2018-03-20 17:01:00
604,8898.79,2018-03-20 17:02:00
605,8909.16,2018-03-20 17:03:00
606,8910.61,2018-03-20 17:04:00
607,8913.36,2018-03-20 17:05:00
608,8907.48,2018-03-20 17:06:00
609,8918.27,2018-03-20 17:07:00
610,8910.83,2018-03-20 17:08:00
611,8917.34,2018-03-20 17:09:00
612,8914.5,2018-03-20 17:10:00
613,8916.71,2018-03-20 17:11:00
614,8922.34,2018-03-20 17:12:00
615,8929.62,2018-03-20 17:13:00
616,8935.65,2018-03-20 17:14:00
617,8945.5,2018-03-20 17:15:00
618,8949.99,2018-03-20 17:16:00
619,8950.06,2018-03-20 17:17:00
620,8949.95,2018-03-20 17:18:00
621,8959.58,2018-03-20 17:19:00
622,8959.02,2018-03-20 17:20:00
623,8953.17,2018-03-20 17:21:00
624,8948.26,2018-03-20 17:22:00
625,8943.33,2018-03-20 17:23:00
626,8951.97,2018-03-20 17:24:00
627,8948.15,2018-03-20 17:25:00
628,8945.66,2018-03-20 17:26:00
629,8945.74,2018-03-20 17:27:00
630,8939.49,2018-03-20 17:28:00
631,8937.14,2018-03-20 17:29:00
632,8931.23,2018-03-20 17:30:00
633,8935.42,2018-03-20 17:31:00
634,8928.23,2018-03-20 17:32:00
635,8936.24,2018-03-20 17:33:00
636,8939.23,2018-03-20 17:34:00
637,8943.0,2018-03-20 17:35:00
638,8954.02,2018-03-20 17:36:00
639,8973.04,2018-03-20 17:37:00
640,8967.5,2018-03-20 17:38:00
641,8969.35,2018-03-20 17:39:00
642,8973.51,2018-03-20 17:40:00
643,8983.85,2018-03-20 17:41:00
644,8991.46,2018-03-20 17:42:00
645,9003.88,2018-03-20 17:43:00
646,9004.09,2018-03-20 17:44:00
647,8999.87,2018-03-20 17:45:00
648,8999.32,2018-03-20 17:46:00
649,9001.82,2018-03-20 17:47:00
650,8993.23,2018-03-20 17:48:00
651,8989.16,2018-03-20 17:49:00
652,8989.08,2018-03-20 17:50:00
653,8994.55,2018-03-20 17:51:00
654,9004.64,2018-03-20 17:52:00
655,9007.09,2018-03-20 17:53:00
656,9006.21,2018-03-20 17:54:00
657,9005.24,2018-03-20 17:55:00
658,9007.24,2018-03-20 17:56:00
659,9013.29,2018-03-20 17:57:00
660,9012.56,2018-03-20 17:58:00
661,9010.52,2018-03-20 17:59:00
662,9006.44,2018-03-20 18:00:00
663,9001.19,2018-03-20 18:01:00
664,8996.27,2018-03-20 18:02:00
665,8993.38,2018-03-20 18:03:00
666,8985.36,2018-03-20 18:04:00
667,8980.07,2018-03-20 18:05:00
668,8988.66,2018-03-20 18:06:00
669,8986.56,2018-03-20 18:07:00
670,8980.58,2018-03-20 18:08:00
671,8983.94,2018-03-20 18:09:00
672,8987.43,2018-03-20 18:10:00
673,8981.56,2018-03-20 18:11:00
674,8982.1,2018-03-20 18:12:00
675,8986.23,2018-03-20 18:13:00
676,8985.59,2018-03-20 18:14:00
677,8984.92,2018-03-20 18:15:00
678,8985.89,2018-03-20 18:16:00
679,8988.27,2018-03-20 18:17:00
680,8991.31,2018-03-20 18:18:00
681,8997.63,2018-03-20 18:19:00
682,9005.86,2018-03-20 18:20:00
683,8994.9,2018-03-20 18:21:00
684,8993.22,2018-03-20 18:22:00
685,8998.15,2018-03-20 18:23:00
686,8991.17,2018-03-20 18:24:00
687,8994.23,2018-03-20 18:25:00
688,8993.98,2018-03-20 18:26:00
689,8995.25,2018-03-20 18:27:00
690,8989.73,2018-03-20 18:28:00
691,8992.18,2018-03-20 18:29:00
692,8990.28,2018-03-20 18:30:00
693,8984.62,2018-03-20 18:31:00
694,8962.19,2018-03-20 18:32:00
695,8961.67,2018-03-20 18:33:00
696,8952.75,2018-03-20 18:34:00
697,8954.3,2018-03-20 18:35:00
698,8959.17,2018-03-20 18:36:00
699,8960.36,2018-03-20 18:37:00
700,8963.11,2018-03-20 18:38:00
701,8965.6,2018-03-20 18:39:00
702,8965.83,2018-03-20 18:40:00
703,8957.74,2018-03-20 18:41:00
704,8950.27,2018-03-20 18:42:00
705,8942.0,2018-03-20 18:43:00
706,8936.84,2018-03-20 18:44:00
707,8932.94,2018-03-20 18:45:00
708,8933.92,2018-03-20 18:46:00
709,8934.56,2018-03-20 18:47:00
710,8937.78,2018-03-20 18:48:00
711,8946.01,2018-03-20 18:49:00
712,8955.55,2018-03-20 18:50:00
713,8950.16,2018-03-20 18:51:00
714,8949.66,2018-03-20 18:52:00
715,8956.93,2018-03-20 18:53:00
716,8951.15,2018-03-20 18:54:00
717,8951.37,2018-03-20 18:55:00
718,8953.75,2018-03-20 18:56:00
719,8961.26,2018-03-20 18:57:00
720,8962.9,2018-03-20 18:58:00
721,8965.4,2018-03-20 18:59:00
722,8957.86,2018-03-20 19:00:00
723,8957.22,2018-03-20 19:01:00
724,8955.03,2018-03-20 19:02:00
725,8949.35,2018-03-20 19:03:00
726,8948.69,2018-03-20 19:04:00
727,8947.25,2018-03-20 19:05:00
728,8943.94,2018-03-20 19:06:00
729,8944.53,2018-03-20 19:07:00
730,8956.48,2018-03-20 19:08:00
731,8950.24,2018-03-20 19:09:00
732,8953.88,2018-03-20 19:10:00
733,8956.2,2018-03-20 19:11:00
734,8955.61,2018-03-20 19:12:00
735,8957.16,2018-03-20 19:13:00
736,8957.44,2018-03-20 19:14:00
737,8956.21,2018-03-20 19:15:00
738,8952.82,2018-03-20 19:16:00
739,8955.23,2018-03-20 19:17:00
740,8956.97,2018-03-20 19:18:00
741,8958.53,2018-03-20 19:19:00
742,8956.68,2018-03-20 19:20:00
743,8950.86,2018-03-20 19:21:00
744,8950.14,2018-03-20 19:22:00
745,8947.73,2018-03-20 19:23:00
746,8943.99,2018-03-20 19:24:00
747,8919.15,2018-03-20 19:25:00
748,8910.07,2018-03-20 19:26:00
749,8909.63,2018-03-20 19:27:00
750,8903.87,2018-03-20 19:28:00
751,8896.17,2018-03-20 19:29:00
752,8913.62,2018-03-20 19:30:00
753,8915.68,2018-03-20 19:31:00
754,8908.63,2018-03-20 19:32:00
755,8906.23,2018-03-20 19:33:00
756,8903.63,2018-03-20 19:34:00
757,8915.06,2018-03-20 19:35:00
758,8914.94,2018-03-20 19:36:00
759,8910.3,2018-03-20 19:37:00
760,8913.91,2018-03-20 19:38:00
761,8909.21,2018-03-20 19:39:00
762,8908.93,2018-03-20 19:40:00
763,8906.62,2018-03-20 19:41:00
764,8903.26,2018-03-20 19:42:00
765,8890.09,2018-03-20 19:43:00
766,8860.97,2018-03-20 19:44:00
767,8886.21,2018-03-20 19:45:00
768,8882.15,2018-03-20 19:46:00
769,8875.14,2018-03-20 19:47:00
770,8883.3,2018-03-20 19:48:00
771,8881.61,2018-03-20 19:49:00
772,8877.75,2018-03-20 19:50:00
773,8882.7,2018-03-20 19:51:00
774,8894.95,2018-03-20 19:52:00
775,8899.43,2018-03-20 19:53:00
776,8898.58,2018-03-20 19:54:00
777,8909.02,2018-03-20 19:55:00
778,8917.29,2018-03-20 19:56:00
779,8920.78,2018-03-20 19:57:00
780,8921.07,2018-03-20 19:58:00
781,8920.71,2018-03-20 19:59:00
782,8932.93,2018-03-20 20:00:00
783,8939.12,2018-03-20 20:01:00
784,8937.18,2018-03-20 20:02:00
785,8940.26,2018-03-20 20:03:00
786,8926.48,2018-03-20 20:04:00
787,8920.24,2018-03-20 20:05:00
788,8923.13,2018-03-20 20:06:00
789,8924.69,2018-03-20 20:07:00
790,8925.91,2018-03-20 20:08:00
791,8928.24,2018-03-20 20:09:00
792,8923.03,2018-03-20 20:10:00
793,8927.47,2018-03-20 20:11:00
794,8920.82,2018-03-20 20:12:00
795,8919.75,2018-03-20 20:13:00
796,8917.82,2018-03-20 20:14:00
797,8914.43,2018-03-20 20:15:00
798,8915.33,2018-03-20 20:16:00
799,8914.67,2018-03-20 20:17:00
800,8905.35,2018-03-20 20:18:00
801,8905.86,2018-03-20 20:19:00
802,8901.03,2018-03-20 20:20:00
803,8893.95,2018-03-20 20:21:00
804,8901.5,2018-03-20 20:22:00
805,8905.2,2018-03-20 20:23:00
806,8904.92,2018-03-20 20:24:00
807,8894.41,2018-03-20 20:25:00
808,8905.79,2018-03-20 20:26:00
809,8905.09,2018-03-20 20:27:00
810,8899.69,2018-03-20 20:28:00
811,8899.66,2018-03-20 20:29:00
812,8894.47,2018-03-20 20:30:00
813,8900.74,2018-03-20 20:31:00
814,8905.66,2018-03-20 20:32:00
815,8905.58,2018-03-20 20:33:00
816,8911.61,2018-03-20 20:34:00
817,8913.27,2018-03-20 20:35:00
818,8926.38,2018-03-20 20:36:00
819,8937.12,2018-03-20 20:37:00
820,8932.23,2018-03-20 20:38:00
821,8935.87,2018-03-20 20:39:00
822,8929.18,2018-03-20 20:40:00
823,8930.62,2018-03-20 20:41:00
824,8931.63,2018-03-20 20:42:00
825,8930.15,2018-03-20 20:43:00
826,8927.35,2018-03-20 20:44:00
827,8916.23,2018-03-20 20:45:00
828,8924.55,2018-03-20 20:46:00
829,8929.21,2018-03-20 20:47:00
830,8925.58,2018-03-20 20:48:00
831,8931.62,2018-03-20 20:49:00
832,8929.96,2018-03-20 20:50:00
833,8927.27,2018-03-20 20:51:00
834,8927.88,2018-03-20 20:52:00
835,8954.58,2018-03-20 20:53:00
836,8964.95,2018-03-20 20:54:00
837,8949.65,2018-03-20 20:55:00
838,8951.52,2018-03-20 20:56:00
839,8953.77,2018-03-20 20:57:00
840,8956.88,2018-03-20 20:58:00
841,8963.41,2018-03-20 20:59:00
842,8988.57,2018-03-20 21:00:00
843,8980.87,2018-03-20 21:01:00
844,8985.84,2018-03-20 21:02:00
845,8983.05,2018-03-20 21:03:00
846,8969.72,2018-03-20 21:04:00
847,8968.63,2018-03-20 21:05:00
848,8962.47,2018-03-20 21:06:00
849,8963.46,2018-03-20 21:07:00
850,8975.37,2018-03-20 21:08:00
851,8972.77,2018-03-20 21:09:00
852,8980.56,2018-03-20 21:10:00
853,8981.02,2018-03-20 21:11:00
854,8986.45,2018-03-20 21:12:00
855,8969.47,2018-03-20 21:13:00
856,8975.31,2018-03-20 21:14:00
857,8974.84,2018-03-20 21:15:00
858,8961.73,2018-03-20 21:16:00
859,8960.26,2018-03-20 21:17:00
860,8959.67,2018-03-20 21:18:00
861,8958.97,2018-03-20 21:19:00
862,8958.85,2018-03-20 21:20:00
863,8956.16,2018-03-20 21:21:00
864,8954.23,2018-03-20 21:22:00
865,8953.54,2018-03-20 21:23:00
866,8957.98,2018-03-20 21:24:00
867,8960.42,2018-03-20 21:25:00
868,8960.59,2018-03-20 21:26:00
869,8961.91,2018-03-20 21:27:00
870,8961.44,2018-03-20 21:28:00
871,8964.43,2018-03-20 21:29:00
872,8964.26,2018-03-20 21:30:00
873,8960.49,2018-03-20 21:31:00
874,8959.06,2018-03-20 21:32:00
875,8958.49,2018-03-20 21:33:00
876,8962.8,2018-03-20 21:34:00
877,8965.42,2018-03-20 21:35:00
878,8961.52,2018-03-20 21:36:00
879,8965.43,2018-03-20 21:37:00
880,8962.65,2018-03-20 21:38:00
881,8959.9,2018-03-20 21:39:00
882,8966.11,2018-03-20 21:40:00
883,8964.65,2018-03-20 21:41:00
884,8965.38,2018-03-20 21:42:00
885,8965.48,2018-03-20 21:43:00
886,8961.61,2018-03-20 21:44:00
887,8963.33,2018-03-20 21:45:00
888,8968.43,2018-03-20 21:46:00
889,8968.32,2018-03-20 21:47:00
890,8981.5,2018-03-20 21:48:00
891,8975.65,2018-03-20 21:49:00
892,8976.0,2018-03-20 21:50:00
893,8977.0,2018-03-20 21:51:00
894,8989.02,2018-03-20 21:52:00
895,8989.3,2018-03-20 21:53:00
896,8986.37,2018-03-20 21:54:00
897,8995.0,2018-03-20 21:55:00
898,8989.28,2018-03-20 21:56:00
899,8990.76,2018-03-20 21:57:00
900,8989.57,2018-03-20 21:58:00
901,8988.92,2018-03-20 21:59:00
902,8986.56,2018-03-20 22:00:00
903,8985.67,2018-03-20 22:01:00
904,8985.91,2018-03-20 22:02:00
905,8984.53,2018-03-20 22:03:00
906,8984.21,2018-03-20 22:04:00
907,8981.95,2018-03-20 22:05:00
908,8981.59,2018-03-20 22:06:00
909,8992.12,2018-03-20 22:07:00
910,9001.91,2018-03-20 22:08:00
911,9009.54,2018-03-20 22:09:00
912,8998.07,2018-03-20 22:10:00
913,8995.28,2018-03-20 22:11:00
914,8997.58,2018-03-20 22:12:00
915,8998.06,2018-03-20 22:13:00
916,8998.28,2018-03-20 22:14:00
917,9000.59,2018-03-20 22:15:00
918,8999.65,2018-03-20 22:16:00
919,9000.44,2018-03-20 22:17:00
920,9001.84,2018-03-20 22:18:00
921,9000.52,2018-03-20 22:19:00
922,8997.77,2018-03-20 22:20:00
923,8979.92,2018-03-20 22:21:00
924,8971.4,2018-03-20 22:22:00
925,8970.09,2018-03-20 22:23:00
926,8969.64,2018-03-20 22:24:00
927,8972.7,2018-03-20 22:25:00
928,8972.19,2018-03-20 22:26:00
929,8970.07,2018-03-20 22:27:00
930,8979.31,2018-03-20 22:28:00
931,8980.76,2018-03-20 22:29:00
932,8970.52,2018-03-20 22:30:00
933,8967.0,2018-03-20 22:31:00
934,8971.19,2018-03-20 22:32:00
935,8966.43,2018-03-20 22:33:00
936,8964.77,2018-03-20 22:34:00
937,8965.48,2018-03-20 22:35:00
938,8964.93,2018-03-20 22:36:00
939,8963.64,2018-03-20 22:37:00
940,8966.5,2018-03-20 22:38:00
941,8967.38,2018-03-20 22:39:00
942,8968.16,2018-03-20 22:40:00
943,8964.28,2018-03-20 22:41:00
944,8958.67,2018-03-20 22:42:00
945,8956.53,2018-03-20 22:43:00
946,8959.78,2018-03-20 22:44:00
947,8962.25,2018-03-20 22:45:00
948,8957.37,2018-03-20 22:46:00
949,8957.33,2018-03-20 22:47:00
950,8957.82,2018-03-20 22:48:00
951,8956.17,2018-03-20 22:49:00
952,8957.65,2018-03-20 22:50:00
953,8957.98,2018-03-20 22:51:00
954,8958.75,2018-03-20 22:52:00
955,8966.1,2018-03-20 22:53:00
956,8968.61,2018-03-20 22:54:00
957,8974.77,2018-03-20 22:55:00
958,8975.47,2018-03-20 22:56:00
959,8974.53,2018-03-20 22:57:00
960,8974.77,2018-03-20 22:58:00
961,8968.66,2018-03-20 22:59:00
962,8966.59,2018-03-20 23:00:00
963,8964.32,2018-03-20 23:01:00
964,8963.66,2018-03-20 23:02:00
965,8964.21,2018-03-20 23:03:00
966,8962.94,2018-03-20 23:04:00
967,8962.34,2018-03-20 23:05:00
968,8965.19,2018-03-20 23:06:00
969,8968.98,2018-03-20 23:07:00
970,8968.48,2018-03-20 23:08:00
971,8972.26,2018-03-20 23:09:00
972,8987.42,2018-03-20 23:10:00
973,8983.0,2018-03-20 23:11:00
974,8973.77,2018-03-20 23:12:00
975,8972.32,2018-03-20 23:13:00
976,8967.83,2018-03-20 23:14:00
977,8957.59,2018-03-20 23:15:00
978,8961.18,2018-03-20 23:16:00
979,8961.53,2018-03-20 23:17:00
980,8964.85,2018-03-20 23:18:00
981,8963.75,2018-03-20 23:19:00
982,8972.59,2018-03-20 23:20:00
983,8974.21,2018-03-20 23:21:00
984,8966.32,2018-03-20 23:22:00
985,8970.82,2018-03-20 23:23:00
986,8972.79,2018-03-20 23:24:00
987,8972.27,2018-03-20 23:25:00
988,8970.22,2018-03-20 23:26:00
989,8973.52,2018-03-20 23:27:00
990,8974.65,2018-03-20 23:28:00
991,8980.87,2018-03-20 23:29:00
992,8981.89,2018-03-20 23:30:00
993,8978.16,2018-03-20 23:31:00
994,8978.74,2018-03-20 23:32:00
995,8979.77,2018-03-20 23:33:00
996,8981.61,2018-03-20 23:34:00
997,8984.39,2018-03-20 23:35:00
998,8983.07,2018-03-20 23:36:00
999,8985.93,2018-03-20 23:37:00
1000,8985.95,2018-03-20 23:38:00
1001,8986.47,2018-03-20 23:39:00
1002,8987.49,2018-03-20 23:40:00
1003,8990.64,2018-03-20 23:41:00
1004,8994.62,2018-03-20 23:42:00
1005,8994.64,2018-03-20 23:43:00
1006,8996.28,2018-03-20 23:44:00
1007,8998.22,2018-03-20 23:45:00
1008,8998.71,2018-03-20 23:46:00
1009,8991.82,2018-03-20 23:47:00
1010,8994.18,2018-03-20 23:48:00
1011,8995.84,2018-03-20 23:49:00
1012,8997.31,2018-03-20 23:50:00
1013,8997.97,2018-03-20 23:51:00
1014,9006.42,2018-03-20 23:52:00
1015,9046.29,2018-03-20 23:53:00
1016,9047.53,2018-03-20 23:54:00
1017,9053.45,2018-03-20 23:55:00
1018,9069.78,2018-03-20 23:56:00
1019,9065.88,2018-03-20 23:57:00
1020,9047.0,2018-03-20 23:58:00
1021,9048.38,2018-03-20 23:59:00
1022,9057.14,2018-03-21 00:00:00
1023,9057.18,2018-03-21 00:01:00
1024,9048.78,2018-03-21 00:02:00
1025,9060.34,2018-03-21 00:03:00
1026,9059.35,2018-03-21 00:04:00
1027,9051.15,2018-03-21 00:05:00
1028,9042.57,2018-03-21 00:06:00
1029,9038.94,2018-03-21 00:07:00
1030,9046.26,2018-03-21 00:08:00
1031,9048.58,2018-03-21 00:09:00
1032,9057.45,2018-03-21 00:10:00
1033,9067.67,2018-03-21 00:11:00
1034,9072.12,2018-03-21 00:12:00
1035,9063.86,2018-03-21 00:13:00
1036,9066.32,2018-03-21 00:14:00
1037,9065.94,2018-03-21 00:15:00
1038,9071.27,2018-03-21 00:16:00
1039,9064.12,2018-03-21 00:17:00
1040,9066.11,2018-03-21 00:18:00
1041,9064.28,2018-03-21 00:19:00
1042,9065.61,2018-03-21 00:20:00
1043,9066.2,2018-03-21 00:21:00
1044,9070.84,2018-03-21 00:22:00
1045,9085.68,2018-03-21 00:23:00
1046,9125.57,2018-03-21 00:24:00
1047,9118.39,2018-03-21 00:25:00
1048,9122.54,2018-03-21 00:26:00
1049,9133.11,2018-03-21 00:27:00
1050,9148.09,2018-03-21 00:28:00
1051,9143.1,2018-03-21 00:29:00
1052,9142.37,2018-03-21 00:30:00
1053,9128.75,2018-03-21 00:31:00
1054,9119.19,2018-03-21 00:32:00
1055,9133.29,2018-03-21 00:33:00
1056,9132.37,2018-03-21 00:34:00
1057,9132.63,2018-03-21 00:35:00
1058,9125.63,2018-03-21 00:36:00
1059,9120.71,2018-03-21 00:37:00
1060,9106.17,2018-03-21 00:38:00
1061,9101.27,2018-03-21 00:39:00
1062,9105.19,2018-03-21 00:40:00
1063,9098.7,2018-03-21 00:41:00
1064,9092.46,2018-03-21 00:42:00
1065,9095.13,2018-03-21 00:43:00
1066,9093.91,2018-03-21 00:44:00
1067,9109.97,2018-03-21 00:45:00
1068,9116.43,2018-03-21 00:46:00
1069,9117.27,2018-03-21 00:47:00
1070,9113.78,2018-03-21 00:48:00
1071,9111.46,2018-03-21 00:49:00
1072,9110.68,2018-03-21 00:50:00
1073,9116.46,2018-03-21 00:51:00
1074,9122.52,2018-03-21 00:52:00
1075,9119.18,2018-03-21 00:53:00
1076,9115.9,2018-03-21 00:54:00
1077,9113.96,2018-03-21 00:55:00
1078,9110.74,2018-03-21 00:56:00
1079,9104.07,2018-03-21 00:57:00
1080,9099.74,2018-03-21 00:58:00
1081,9087.09,2018-03-21 00:59:00
1082,9097.89,2018-03-21 01:00:00
1083,9098.57,2018-03-21 01:01:00
1084,9101.11,2018-03-21 01:02:00
1085,9100.35,2018-03-21 01:03:00
1086,9100.22,2018-03-21 01:04:00
1087,9097.72,2018-03-21 01:05:00
1088,9097.57,2018-03-21 01:06:00
1089,9096.39,2018-03-21 01:07:00
1090,9096.36,2018-03-21 01:08:00
1091,9097.13,2018-03-21 01:09:00
1092,9095.28,2018-03-21 01:10:00
1093,9093.3,2018-03-21 01:11:00
1094,9091.09,2018-03-21 01:12:00
1095,9097.89,2018-03-21 01:13:00
1096,9102.67,2018-03-21 01:14:00
1097,9112.54,2018-03-21 01:15:00
1098,9118.44,2018-03-21 01:16:00
1099,9122.61,2018-03-21 01:17:00
1100,9122.41,2018-03-21 01:18:00
1101,9122.33,2018-03-21 01:19:00
1102,9121.45,2018-03-21 01:20:00
1103,9119.29,2018-03-21 01:21:00
1104,9118.71,2018-03-21 01:22:00
1105,9116.6,2018-03-21 01:23:00
1106,9114.13,2018-03-21 01:24:00
1107,9115.78,2018-03-21 01:25:00
1108,9120.51,2018-03-21 01:26:00
1109,9127.15,2018-03-21 01:27:00
1110,9131.99,2018-03-21 01:28:00
1111,9125.69,2018-03-21 01:29:00
1112,9124.29,2018-03-21 01:30:00
1113,9125.44,2018-03-21 01:31:00
1114,9114.51,2018-03-21 01:32:00
1115,9113.2,2018-03-21 01:33:00
1116,9116.72,2018-03-21 01:34:00
1117,9109.71,2018-03-21 01:35:00
1118,9091.63,2018-03-21 01:36:00
1119,9099.22,2018-03-21 01:37:00
1120,9096.35,2018-03-21 01:38:00
1121,9098.06,2018-03-21 01:39:00
1122,9095.7,2018-03-21 01:40:00
1123,9099.46,2018-03-21 01:41:00
1124,9101.5,2018-03-21 01:42:00
1125,9099.58,2018-03-21 01:43:00
1126,9095.99,2018-03-21 01:44:00
1127,9099.55,2018-03-21 01:45:00
1128,9106.4,2018-03-21 01:46:00
1129,9103.45,2018-03-21 01:47:00
1130,9103.07,2018-03-21 01:48:00
1131,9100.83,2018-03-21 01:49:00
1132,9103.03,2018-03-21 01:50:00
1133,9103.3,2018-03-21 01:51:00
1134,9105.43,2018-03-21 01:52:00
1135,9103.97,2018-03-21 01:53:00
1136,9102.46,2018-03-21 01:54:00
1137,9103.38,2018-03-21 01:55:00
1138,9102.2,2018-03-21 01:56:00
1139,9099.28,2018-03-21 01:57:00
1140,9090.71,2018-03-21 01:58:00
1141,9063.05,2018-03-21 01:59:00
1142,9071.78,2018-03-21 02:00:00
1143,9059.08,2018-03-21 02:01:00
1144,9057.0,2018-03-21 02:02:00
1145,9051.36,2018-03-21 02:03:00
1146,9042.1,2018-03-21 02:04:00
1147,9040.68,2018-03-21 02:05:00
1148,9046.63,2018-03-21 02:06:00
1149,9043.82,2018-03-21 02:07:00
1150,9027.74,2018-03-21 02:08:00
1151,9038.73,2018-03-21 02:09:00
1152,9037.12,2018-03-21 02:10:00
1153,9033.6,2018-03-21 02:11:00
1154,9032.67,2018-03-21 02:12:00
1155,9034.34,2018-03-21 02:13:00
1156,9046.8,2018-03-21 02:14:00
1157,9045.87,2018-03-21 02:15:00
1158,9057.11,2018-03-21 02:16:00
1159,9055.65,2018-03-21 02:17:00
1160,9056.53,2018-03-21 02:18:00
1161,9061.21,2018-03-21 02:19:00
1162,9061.19,2018-03-21 02:20:00
1163,9056.47,2018-03-21 02:21:00
1164,9062.17,2018-03-21 02:22:00
1165,9070.36,2018-03-21 02:23:00
1166,9072.87,2018-03-21 02:24:00
1167,9078.79,2018-03-21 02:25:00
1168,9082.52,2018-03-21 02:26:00
1169,9074.69,2018-03-21 02:27:00
1170,9076.48,2018-03-21 02:28:00
1171,9077.62,2018-03-21 02:29:00
1172,9077.05,2018-03-21 02:30:00
1173,9075.41,2018-03-21 02:31:00
1174,9074.65,2018-03-21 02:32:00
1175,9075.26,2018-03-21 02:33:00
1176,9072.9,2018-03-21 02:34:00
1177,9074.85,2018-03-21 02:35:00
1178,9076.98,2018-03-21 02:36:00
1179,9077.11,2018-03-21 02:37:00
1180,9085.09,2018-03-21 02:38:00
1181,9088.3,2018-03-21 02:39:00
1182,9092.55,2018-03-21 02:40:00
1183,9078.95,2018-03-21 02:41:00
1184,9079.72,2018-03-21 02:42:00
1185,9081.55,2018-03-21 02:43:00
1186,9081.83,2018-03-21 02:44:00
1187,9086.46,2018-03-21 02:45:00
1188,9086.29,2018-03-21 02:46:00
1189,9084.79,2018-03-21 02:47:00
1190,9086.94,2018-03-21 02:48:00
1191,9085.3,2018-03-21 02:49:00
1192,9095.35,2018-03-21 02:50:00
1193,9094.14,2018-03-21 02:51:00
1194,9094.86,2018-03-21 02:52:00
1195,9099.0,2018-03-21 02:53:00
1196,9097.48,2018-03-21 02:54:00
1197,9101.49,2018-03-21 02:55:00
1198,9098.54,2018-03-21 02:56:00
1199,9087.64,2018-03-21 02:57:00
1200,9091.54,2018-03-21 02:58:00
1201,9090.23,2018-03-21 02:59:00
1202,9089.73,2018-03-21 03:00:00
1203,9093.12,2018-03-21 03:01:00
1204,9091.59,2018-03-21 03:02:00
1205,9095.42,2018-03-21 03:03:00
1206,9112.06,2018-03-21 03:04:00
1207,9106.84,2018-03-21 03:05:00
1208,9104.69,2018-03-21 03:06:00
1209,9087.43,2018-03-21 03:07:00
1210,9082.08,2018-03-21 03:08:00
1211,9081.96,2018-03-21 03:09:00
1212,9075.03,2018-03-21 03:10:00
1213,9076.34,2018-03-21 03:11:00
1214,9077.62,2018-03-21 03:12:00
1215,9075.76,2018-03-21 03:13:00
1216,9076.8,2018-03-21 03:14:00
1217,9076.99,2018-03-21 03:15:00
1218,9073.05,2018-03-21 03:16:00
1219,9057.0,2018-03-21 03:17:00
1220,9050.33,2018-03-21 03:18:00
1221,9053.26,2018-03-21 03:19:00
1222,9047.73,2018-03-21 03:20:00
1223,9034.72,2018-03-21 03:21:00
1224,9041.0,2018-03-21 03:22:00
1225,9043.43,2018-03-21 03:23:00
1226,9042.1,2018-03-21 03:24:00
1227,9038.74,2018-03-21 03:25:00
1228,9041.19,2018-03-21 03:26:00
1229,9038.78,2018-03-21 03:27:00
1230,9048.77,2018-03-21 03:28:00
1231,9061.75,2018-03-21 03:29:00
1232,9060.03,2018-03-21 03:30:00
1233,9058.75,2018-03-21 03:31:00
1234,9059.85,2018-03-21 03:32:00
1235,9058.39,2018-03-21 03:33:00
1236,9050.33,2018-03-21 03:34:00
1237,9044.83,2018-03-21 03:35:00
1238,9048.43,2018-03-21 03:36:00
1239,9042.11,2018-03-21 03:37:00
1240,9033.08,2018-03-21 03:38:00
1241,9041.3,2018-03-21 03:39:00
1242,9035.55,2018-03-21 03:40:00
1243,9033.35,2018-03-21 03:41:00
1244,8981.47,2018-03-21 03:42:00
1245,8938.39,2018-03-21 03:43:00
1246,8949.83,2018-03-21 03:44:00
1247,8957.3,2018-03-21 03:45:00
1248,8955.3,2018-03-21 03:46:00
1249,8950.01,2018-03-21 03:47:00
1250,8953.84,2018-03-21 03:48:00
1251,8956.9,2018-03-21 03:49:00
1252,8956.28,2018-03-21 03:50:00
1253,8957.18,2018-03-21 03:51:00
1254,8961.45,2018-03-21 03:52:00
1255,8970.58,2018-03-21 03:53:00
1256,8971.66,2018-03-21 03:54:00
1257,8971.6,2018-03-21 03:55:00
1258,8969.63,2018-03-21 03:56:00
1259,8966.85,2018-03-21 03:57:00
1260,8949.5,2018-03-21 03:58:00
1261,8944.8,2018-03-21 03:59:00
1262,8921.47,2018-03-21 04:00:00
1263,8920.66,2018-03-21 04:01:00
1264,8926.56,2018-03-21 04:02:00
1265,8934.96,2018-03-21 04:03:00
1266,8944.49,2018-03-21 04:04:00
1267,8962.25,2018-03-21 04:05:00
1268,8957.76,2018-03-21 04:06:00
1269,8955.32,2018-03-21 04:07:00
1270,8951.07,2018-03-21 04:08:00
1271,8948.66,2018-03-21 04:09:00
1272,8938.21,2018-03-21 04:10:00
1273,8946.11,2018-03-21 04:11:00
1274,8937.87,2018-03-21 04:12:00
1275,8942.26,2018-03-21 04:13:00
1276,8943.13,2018-03-21 04:14:00
1277,8960.82,2018-03-21 04:15:00
1278,8959.3,2018-03-21 04:16:00
1279,8959.99,2018-03-21 04:17:00
1280,8955.15,2018-03-21 04:18:00
1281,8959.65,2018-03-21 04:19:00
1282,8968.3,2018-03-21 04:20:00
1283,8975.05,2018-03-21 04:21:00
1284,8978.62,2018-03-21 04:22:00
1285,8978.24,2018-03-21 04:23:00
1286,8980.22,2018-03-21 04:24:00
1287,8975.46,2018-03-21 04:25:00
1288,8973.75,2018-03-21 04:26:00
1289,8974.69,2018-03-21 04:27:00
1290,8982.96,2018-03-21 04:28:00
1291,8977.75,2018-03-21 04:29:00
1292,8978.11,2018-03-21 04:30:00
1293,8980.12,2018-03-21 04:31:00
1294,8979.37,2018-03-21 04:32:00
1295,8976.22,2018-03-21 04:33:00
1296,8964.84,2018-03-21 04:34:00
1297,8964.98,2018-03-21 04:35:00
1298,8967.79,2018-03-21 04:36:00
1299,8964.6,2018-03-21 04:37:00
1300,8968.23,2018-03-21 04:38:00
1301,8970.4,2018-03-21 04:39:00
1302,8972.87,2018-03-21 04:40:00
1303,8984.09,2018-03-21 04:41:00
1304,8987.61,2018-03-21 04:42:00
1305,9002.49,2018-03-21 04:43:00
1306,8998.43,2018-03-21 04:44:00
1307,8994.2,2018-03-21 04:45:00
1308,8996.3,2018-03-21 04:46:00
1309,8997.2,2018-03-21 04:47:00
1310,8996.19,2018-03-21 04:48:00
1311,9004.18,2018-03-21 04:49:00
1312,9006.94,2018-03-21 04:50:00
1313,8998.92,2018-03-21 04:51:00
1314,8996.76,2018-03-21 04:52:00
1315,8997.2,2018-03-21 04:53:00
1316,8995.89,2018-03-21 04:54:00
1317,8987.65,2018-03-21 04:55:00
1318,8987.04,2018-03-21 04:56:00
1319,8978.0,2018-03-21 04:57:00
1320,8979.65,2018-03-21 04:58:00
1321,8985.59,2018-03-21 04:59:00
1322,8985.5,2018-03-21 05:00:00
1323,8986.82,2018-03-21 05:01:00
1324,8985.84,2018-03-21 05:02:00
1325,8986.19,2018-03-21 05:03:00
1326,8989.85,2018-03-21 05:04:00
1327,8990.05,2018-03-21 05:05:00
1328,8995.48,2018-03-21 05:06:00
1329,8998.04,2018-03-21 05:07:00
1330,8989.87,2018-03-21 05:08:00
1331,8996.69,2018-03-21 05:09:00
1332,8997.5,2018-03-21 05:10:00
1333,8999.06,2018-03-21 05:11:00
1334,8997.2,2018-03-21 05:12:00
1335,8992.56,2018-03-21 05:13:00
1336,8991.18,2018-03-21 05:14:00
1337,8990.99,2018-03-21 05:15:00
1338,8988.97,2018-03-21 05:16:00
1339,8983.97,2018-03-21 05:17:00
1340,8984.53,2018-03-21 05:18:00
1341,8991.2,2018-03-21 05:19:00
1342,8986.86,2018-03-21 05:20:00
1343,8987.97,2018-03-21 05:21:00
1344,8981.89,2018-03-21 05:22:00
1345,8989.62,2018-03-21 05:23:00
1346,9005.04,2018-03-21 05:24:00
1347,9040.55,2018-03-21 05:25:00
1348,9059.07,2018-03-21 05:26:00
1349,9061.18,2018-03-21 05:27:00
1350,9050.14,2018-03-21 05:28:00
1351,9061.8,2018-03-21 05:29:00
1352,9060.54,2018-03-21 05:30:00
1353,9066.37,2018-03-21 05:31:00
1354,9066.99,2018-03-21 05:32:00
1355,9066.13,2018-03-21 05:33:00
1356,9067.52,2018-03-21 05:34:00
1357,9066.77,2018-03-21 05:35:00
1358,9066.16,2018-03-21 05:36:00
1359,9065.83,2018-03-21 05:37:00
1360,9073.8,2018-03-21 05:38:00
1361,9077.26,2018-03-21 05:39:00
1362,9076.19,2018-03-21 05:40:00
1363,9080.78,2018-03-21 05:41:00
1364,9085.29,2018-03-21 05:42:00
1365,9085.77,2018-03-21 05:43:00
1366,9085.09,2018-03-21 05:44:00
1367,9083.89,2018-03-21 05:45:00
1368,9090.79,2018-03-21 05:46:00
1369,9092.92,2018-03-21 05:47:00
1370,9094.51,2018-03-21 05:48:00
1371,9093.45,2018-03-21 05:49:00
1372,9094.39,2018-03-21 05:50:00
1373,9101.85,2018-03-21 05:51:00
1374,9098.7,2018-03-21 05:52:00
1375,9098.13,2018-03-21 05:53:00
1376,9098.43,2018-03-21 05:54:00
1377,9095.78,2018-03-21 05:55:00
1378,9093.25,2018-03-21 05:56:00
1379,9089.36,2018-03-21 05:57:00
1380,9088.93,2018-03-21 05:58:00
1381,9088.43,2018-03-21 05:59:00
1382,9085.02,2018-03-21 06:00:00
1383,9085.97,2018-03-21 06:01:00
1384,9094.77,2018-03-21 06:02:00
1385,9094.75,2018-03-21 06:03:00
1386,9098.79,2018-03-21 06:04:00
1387,9099.75,2018-03-21 06:05:00
1388,9102.91,2018-03-21 06:06:00
1389,9106.09,2018-03-21 06:07:00
1390,9103.61,2018-03-21 06:08:00
1391,9098.1,2018-03-21 06:09:00
1392,9098.15,2018-03-21 06:10:00
1393,9102.21,2018-03-21 06:11:00
1394,9102.73,2018-03-21 06:12:00
1395,9108.44,2018-03-21 06:13:00
1396,9108.79,2018-03-21 06:14:00
1397,9107.18,2018-03-21 06:15:00
1398,9105.62,2018-03-21 06:16:00
1399,9106.28,2018-03-21 06:17:00
1400,9105.92,2018-03-21 06:18:00
1401,9111.59,2018-03-21 06:19:00
1402,9115.45,2018-03-21 06:20:00
1403,9115.05,2018-03-21 06:21:00
1404,9115.46,2018-03-21 06:22:00
1405,9111.55,2018-03-21 06:23:00
1406,9105.58,2018-03-21 06:24:00
1407,9107.49,2018-03-21 06:25:00
1408,9107.9,2018-03-21 06:26:00
1409,9106.31,2018-03-21 06:27:00
1410,9105.37,2018-03-21 06:28:00
1411,9105.95,2018-03-21 06:29:00
1412,9103.65,2018-03-21 06:30:00
1413,9098.3,2018-03-21 06:31:00
1414,9096.82,2018-03-21 06:32:00
1415,9098.99,2018-03-21 06:33:00
1416,9095.85,2018-03-21 06:34:00
1417,9094.8,2018-03-21 06:35:00
1418,9094.93,2018-03-21 06:36:00
1419,9098.09,2018-03-21 06:37:00
1420,9098.08,2018-03-21 06:38:00
1421,9098.65,2018-03-21 06:39:00
1422,9099.46,2018-03-21 06:40:00
1423,9100.32,2018-03-21 06:41:00
1424,9101.57,2018-03-21 06:42:00
1425,9098.6,2018-03-21 06:43:00
1426,9099.71,2018-03-21 06:44:00
1427,9098.14,2018-03-21 06:45:00
1428,9099.1,2018-03-21 06:46:00
1429,9097.87,2018-03-21 06:47:00
1430,9097.14,2018-03-21 06:48:00
1431,9097.69,2018-03-21 06:49:00
1432,9095.34,2018-03-21 06:50:00
1433,9089.17,2018-03-21 06:51:00
1434,9092.5,2018-03-21 06:52:00
1435,9089.22,2018-03-21 06:53:00
1436,9087.67,2018-03-21 06:54:00
1437,9087.66,2018-03-21 06:55:00
1438,9088.83,2018-03-21 06:56:00
1439,9091.28,2018-03-21 06:57:00
1440,9092.65,2018-03-21 06:58:00
1441,9092.12,2018-03-21 06:59:00
1442,9095.94,2018-03-21 07:00:00
1443,9100.74,2018-03-21 07:01:00
1444,9101.86,2018-03-21 07:02:00
1445,9103.02,2018-03-21 07:03:00
1446,9102.55,2018-03-21 07:04:00
1447,9103.19,2018-03-21 07:05:00
1448,9102.29,2018-03-21 07:06:00
1449,9099.86,2018-03-21 07:07:00
1450,9098.63,2018-03-21 07:08:00
1451,9098.58,2018-03-21 07:09:00
1452,9097.0,2018-03-21 07:10:00
1453,9099.09,2018-03-21 07:11:00
1454,9099.31,2018-03-21 07:12:00
1455,9101.16,2018-03-21 07:13:00
1456,9098.94,2018-03-21 07:14:00
1457,9098.67,2018-03-21 07:15:00
1458,9102.83,2018-03-21 07:16:00
1459,9101.4,2018-03-21 07:17:00
1460,9103.15,2018-03-21 07:18:00
1461,9102.2,2018-03-21 07:19:00
1462,9099.54,2018-03-21 07:20:00
1463,9101.88,2018-03-21 07:21:00
1464,9116.17,2018-03-21 07:22:00
1465,9143.88,2018-03-21 07:23:00
1466,9138.02,2018-03-21 07:24:00
1467,9139.56,2018-03-21 07:25:00
1468,9137.83,2018-03-21 07:26:00
1469,9134.93,2018-03-21 07:27:00
1470,9132.22,2018-03-21 07:28:00
1471,9133.22,2018-03-21 07:29:00
1472,9132.03,2018-03-21 07:30:00
1473,9129.81,2018-03-21 07:31:00
1474,9129.85,2018-03-21 07:32:00
1475,9129.62,2018-03-21 07:33:00
1476,9131.17,2018-03-21 07:34:00
1477,9132.54,2018-03-21 07:35:00
1478,9133.6,2018-03-21 07:36:00
1479,9136.29,2018-03-21 07:37:00
1480,9144.36,2018-03-21 07:38:00
1481,9147.92,2018-03-21 07:39:00
1482,9149.51,2018-03-21 07:40:00
1483,9151.8,2018-03-21 07:41:00
1484,9153.41,2018-03-21 07:42:00
1485,9153.58,2018-03-21 07:43:00
1486,9153.22,2018-03-21 07:44:00
1487,9137.64,2018-03-21 07:45:00
1488,9132.68,2018-03-21 07:46:00
1489,9128.7,2018-03-21 07:47:00
1490,9127.28,2018-03-21 07:48:00
1491,9127.36,2018-03-21 07:49:00
1492,9125.81,2018-03-21 07:50:00
1493,9123.41,2018-03-21 07:51:00
1494,9112.59,2018-03-21 07:52:00
1495,9109.74,2018-03-21 07:53:00
1496,9109.1,2018-03-21 07:54:00
1497,9113.01,2018-03-21 07:55:00
1498,9112.86,2018-03-21 07:56:00
1499,9114.28,2018-03-21 07:57:00
1500,9114.6,2018-03-21 07:58:00
1501,9109.44,2018-03-21 07:59:00
1502,9106.06,2018-03-21 08:00:00
1503,9105.21,2018-03-21 08:01:00
1504,9108.15,2018-03-21 08:02:00
1505,9109.77,2018-03-21 08:03:00
1506,9110.88,2018-03-21 08:04:00
1507,9116.54,2018-03-21 08:05:00
1508,9116.16,2018-03-21 08:06:00
1509,9120.38,2018-03-21 08:07:00
1510,9115.82,2018-03-21 08:08:00
1511,9118.68,2018-03-21 08:09:00
1512,9119.57,2018-03-21 08:10:00
1513,9118.08,2018-03-21 08:11:00
1514,9118.96,2018-03-21 08:12:00
1515,9117.42,2018-03-21 08:13:00
1516,9117.19,2018-03-21 08:14:00
1517,9116.61,2018-03-21 08:15:00
1518,9116.72,2018-03-21 08:16:00
1519,9114.79,2018-03-21 08:17:00
1520,9110.96,2018-03-21 08:18:00
1521,9108.96,2018-03-21 08:19:00
1522,9107.03,2018-03-21 08:20:00
1523,9108.55,2018-03-21 08:21:00
1524,9107.12,2018-03-21 08:22:00
1525,9106.45,2018-03-21 08:23:00
1526,9109.89,2018-03-21 08:24:00
1527,9108.42,2018-03-21 08:25:00
1528,9106.37,2018-03-21 08:26:00
1529,9103.78,2018-03-21 08:27:00
1530,9103.84,2018-03-21 08:28:00
1531,9103.16,2018-03-21 08:29:00
1532,9101.21,2018-03-21 08:30:00
1533,9097.68,2018-03-21 08:31:00
1534,9096.3,2018-03-21 08:32:00
1535,9083.99,2018-03-21 08:33:00
1536,9086.44,2018-03-21 08:34:00
1537,9093.52,2018-03-21 08:35:00
1538,9088.81,2018-03-21 08:36:00
1539,9087.35,2018-03-21 08:37:00
1540,9088.85,2018-03-21 08:38:00
1541,9085.58,2018-03-21 08:39:00
1542,9086.49,2018-03-21 08:40:00
1543,9085.47,2018-03-21 08:41:00
1544,9073.96,2018-03-21 08:42:00
1545,9038.5,2018-03-21 08:43:00
1546,9038.39,2018-03-21 08:44:00
1547,9036.23,2018-03-21 08:45:00
1548,8994.07,2018-03-21 08:46:00
1549,9019.62,2018-03-21 08:47:00
1550,9003.85,2018-03-21 08:48:00
1551,9018.78,2018-03-21 08:49:00
1552,9034.49,2018-03-21 08:50:00
1553,9033.03,2018-03-21 08:51:00
1554,9026.25,2018-03-21 08:52:00
1555,9023.77,2018-03-21 08:53:00
1556,9023.65,2018-03-21 08:54:00
1557,9031.01,2018-03-21 08:55:00
1558,9035.74,2018-03-21 08:56:00
1559,9043.74,2018-03-21 08:57:00
1560,9039.57,2018-03-21 08:58:00
1561,9040.91,2018-03-21 08:59:00
1562,9042.97,2018-03-21 09:00:00
1563,9044.7,2018-03-21 09:01:00
1564,9042.0,2018-03-21 09:02:00
1565,9047.3,2018-03-21 09:03:00
1566,9048.27,2018-03-21 09:04:00
1567,9054.15,2018-03-21 09:05:00
1568,9060.2,2018-03-21 09:06:00
1569,9072.31,2018-03-21 09:07:00
1570,9070.87,2018-03-21 09:08:00
1571,9063.9,2018-03-21 09:09:00
1572,9064.92,2018-03-21 09:10:00
1573,9064.71,2018-03-21 09:11:00
1574,9081.14,2018-03-21 09:12:00
1575,9086.81,2018-03-21 09:13:00
1576,9087.72,2018-03-21 09:14:00
1577,9082.49,2018-03-21 09:15:00
1578,9077.11,2018-03-21 09:16:00
1579,9088.3,2018-03-21 09:17:00
1580,9084.17,2018-03-21 09:18:00
1581,9079.94,2018-03-21 09:19:00
1582,9076.99,2018-03-21 09:20:00
1583,9077.11,2018-03-21 09:21:00
1584,9077.5,2018-03-21 09:22:00
1585,9077.75,2018-03-21 09:23:00
1586,9081.4,2018-03-21 09:24:00
1587,9078.18,2018-03-21 09:25:00
1588,9074.35,2018-03-21 09:26:00
1589,9068.73,2018-03-21 09:27:00
1590,9063.1,2018-03-21 09:28:00
1591,9061.14,2018-03-21 09:29:00
1592,9066.83,2018-03-21 09:30:00
1593,9066.73,2018-03-21 09:31:00
1594,9067.79,2018-03-21 09:32:00
1595,9067.12,2018-03-21 09:33:00
1596,9065.92,2018-03-21 09:34:00
1597,9067.55,2018-03-21 09:35:00
1598,9067.48,2018-03-21 09:36:00
1599,9069.66,2018-03-21 09:37:00
1600,9068.14,2018-03-21 09:38:00
1601,9067.55,2018-03-21 09:39:00
1602,9063.85,2018-03-21 09:40:00
1603,9062.77,2018-03-21 09:41:00
1604,9065.06,2018-03-21 09:42:00
1605,9065.45,2018-03-21 09:43:00
1606,9061.74,2018-03-21 09:44:00
1607,9059.51,2018-03-21 09:45:00
1608,9059.47,2018-03-21 09:46:00
1609,9057.16,2018-03-21 09:47:00
1610,9048.85,2018-03-21 09:48:00
1611,9040.19,2018-03-21 09:49:00
1612,9032.76,2018-03-21 09:50:00
1613,9035.67,2018-03-21 09:51:00
1614,9042.42,2018-03-21 09:52:00
1615,9033.73,2018-03-21 09:53:00
1616,9012.4,2018-03-21 09:54:00
1617,9028.51,2018-03-21 09:55:00
1618,9037.3,2018-03-21 09:56:00
1619,9039.87,2018-03-21 09:57:00
1620,9041.01,2018-03-21 09:58:00
1621,9041.19,2018-03-21 09:59:00
1622,9040.91,2018-03-21 10:00:00
1623,9033.91,2018-03-21 10:01:00
1624,9032.69,2018-03-21 10:02:00
1625,9035.83,2018-03-21 10:03:00
1626,9037.86,2018-03-21 10:04:00
1627,9037.31,2018-03-21 10:05:00
1628,9040.12,2018-03-21 10:06:00
1629,9041.68,2018-03-21 10:07:00
1630,9046.8,2018-03-21 10:08:00
1631,9068.97,2018-03-21 10:09:00
1632,9068.04,2018-03-21 10:10:00
1633,9067.29,2018-03-21 10:11:00
1634,9066.83,2018-03-21 10:12:00
1635,9057.21,2018-03-21 10:13:00
1636,9057.01,2018-03-21 10:14:00
1637,9055.41,2018-03-21 10:15:00
1638,9054.75,2018-03-21 10:16:00
1639,9052.01,2018-03-21 10:17:00
1640,9050.21,2018-03-21 10:18:00
1641,9040.55,2018-03-21 10:19:00
1642,9043.17,2018-03-21 10:20:00
1643,9048.24,2018-03-21 10:21:00
1644,9047.48,2018-03-21 10:22:00
1645,9046.67,2018-03-21 10:23:00
1646,9046.05,2018-03-21 10:24:00
1647,9048.55,2018-03-21 10:25:00
1648,9050.81,2018-03-21 10:26:00
1649,9053.46,2018-03-21 10:27:00
1650,9055.72,2018-03-21 10:28:00
1651,9057.7,2018-03-21 10:29:00
1652,9061.74,2018-03-21 10:30:00
1653,9065.59,2018-03-21 10:31:00
1654,9072.29,2018-03-21 10:32:00
1655,9089.88,2018-03-21 10:33:00
1656,9120.48,2018-03-21 10:34:00
1657,9105.79,2018-03-21 10:35:00
1658,9103.33,2018-03-21 10:36:00
1659,9092.46,2018-03-21 10:37:00
1660,9095.48,2018-03-21 10:38:00
1661,9096.15,2018-03-21 10:39:00
1662,9096.36,2018-03-21 10:40:00
1663,9095.31,2018-03-21 10:41:00
1664,9094.8,2018-03-21 10:42:00
1665,9099.34,2018-03-21 10:43:00
1666,9101.12,2018-03-21 10:44:00
1667,9081.37,2018-03-21 10:45:00
1668,9081.21,2018-03-21 10:46:00
1669,9080.55,2018-03-21 10:47:00
1670,9079.46,2018-03-21 10:48:00
1671,9081.92,2018-03-21 10:49:00
1672,9076.95,2018-03-21 10:50:00
1673,9067.04,2018-03-21 10:51:00
1674,9071.57,2018-03-21 10:52:00
1675,9072.97,2018-03-21 10:53:00
1676,9073.46,2018-03-21 10:54:00
1677,9065.15,2018-03-21 10:55:00
1678,9066.94,2018-03-21 10:56:00
1679,9068.15,2018-03-21 10:57:00
1680,9073.64,2018-03-21 10:58:00
1681,9071.69,2018-03-21 10:59:00
1682,9076.77,2018-03-21 11:00:00
1683,9077.67,2018-03-21 11:01:00
1684,9099.37,2018-03-21 11:02:00
1685,9109.82,2018-03-21 11:03:00
1686,9095.97,2018-03-21 11:04:00
1687,9090.55,2018-03-21 11:05:00
1688,9098.33,2018-03-21 11:06:00
1689,9098.36,2018-03-21 11:07:00
1690,9089.1,2018-03-21 11:08:00
1691,9090.47,2018-03-21 11:09:00
1692,9091.33,2018-03-21 11:10:00
1693,9093.09,2018-03-21 11:11:00
1694,9097.85,2018-03-21 11:12:00
1695,9101.54,2018-03-21 11:13:00
1696,9106.31,2018-03-21 11:14:00
1697,9113.09,2018-03-21 11:15:00
1698,9104.52,2018-03-21 11:16:00
1699,9108.53,2018-03-21 11:17:00
1700,9110.48,2018-03-21 11:18:00
1701,9115.22,2018-03-21 11:19:00
1702,9136.83,2018-03-21 11:20:00
1703,9183.39,2018-03-21 11:21:00
1704,9170.83,2018-03-21 11:22:00
1705,9176.22,2018-03-21 11:23:00
1706,9176.27,2018-03-21 11:24:00
1707,9167.71,2018-03-21 11:25:00
1708,9172.24,2018-03-21 11:26:00
1709,9165.16,2018-03-21 11:27:00
1710,9160.36,2018-03-21 11:28:00
1711,9175.22,2018-03-21 11:29:00
1712,9173.61,2018-03-21 11:30:00
1713,9176.97,2018-03-21 11:31:00
1714,9168.18,2018-03-21 11:32:00
1715,9167.17,2018-03-21 11:33:00
1716,9149.2,2018-03-21 11:34:00
1717,9159.06,2018-03-21 11:35:00
1718,9152.22,2018-03-21 11:36:00
1719,9152.69,2018-03-21 11:37:00
1720,9156.56,2018-03-21 11:38:00
1721,9160.92,2018-03-21 11:39:00
1722,9159.56,2018-03-21 11:40:00
1723,9157.78,2018-03-21 11:41:00
1724,9161.15,2018-03-21 11:42:00
1725,9159.46,2018-03-21 11:43:00
1726,9164.01,2018-03-21 11:44:00
1727,9162.38,2018-03-21 11:45:00
1728,9166.05,2018-03-21 11:46:00
1729,9166.49,2018-03-21 11:47:00
1730,9166.08,2018-03-21 11:48:00
1731,9166.79,2018-03-21 11:49:00
1732,9168.01,2018-03-21 11:50:00
1733,9142.82,2018-03-21 11:51:00
1734,9145.1,2018-03-21 11:52:00
1735,9145.84,2018-03-21 11:53:00
1736,9141.89,2018-03-21 11:54:00
1737,9144.17,2018-03-21 11:55:00
1738,9115.07,2018-03-21 11:56:00
1739,9095.57,2018-03-21 11:57:00
1740,9088.07,2018-03-21 11:58:00
1741,9059.31,2018-03-21 11:59:00
1742,9074.43,2018-03-21 12:00:00
1743,9065.37,2018-03-21 12:01:00
1744,9071.66,2018-03-21 12:02:00
1745,9051.15,2018-03-21 12:03:00
1746,8981.77,2018-03-21 12:04:00
1747,8965.23,2018-03-21 12:05:00
1748,8989.54,2018-03-21 12:06:00
1749,8981.26,2018-03-21 12:07:00
1750,8995.06,2018-03-21 12:08:00
1751,8986.74,2018-03-21 12:09:00
1752,8959.63,2018-03-21 12:10:00
1753,8978.77,2018-03-21 12:11:00
1754,8985.86,2018-03-21 12:12:00
1755,8965.57,2018-03-21 12:13:00
1756,8964.9,2018-03-21 12:14:00
1757,8956.71,2018-03-21 12:15:00
1758,8891.82,2018-03-21 12:16:00
1759,8865.23,2018-03-21 12:17:00
1760,8886.02,2018-03-21 12:18:00
1761,8900.04,2018-03-21 12:19:00
1762,8882.6,2018-03-21 12:20:00
1763,8886.37,2018-03-21 12:21:00
1764,8891.65,2018-03-21 12:22:00
1765,8911.44,2018-03-21 12:23:00
1766,8911.34,2018-03-21 12:24:00
1767,8906.02,2018-03-21 12:25:00
1768,8914.8,2018-03-21 12:26:00
1769,8909.63,2018-03-21 12:27:00
1770,8915.92,2018-03-21 12:28:00
1771,8924.15,2018-03-21 12:29:00
1772,8932.51,2018-03-21 12:30:00
1773,8941.49,2018-03-21 12:31:00
1774,8952.24,2018-03-21 12:32:00
1775,8932.13,2018-03-21 12:33:00
1776,8935.09,2018-03-21 12:34:00
1777,8934.99,2018-03-21 12:35:00
1778,8937.63,2018-03-21 12:36:00
1779,8938.49,2018-03-21 12:37:00
1780,8895.04,2018-03-21 12:38:00
1781,8925.2,2018-03-21 12:39:00
1782,8916.87,2018-03-21 12:40:00
1783,8908.94,2018-03-21 12:41:00
1784,8908.77,2018-03-21 12:42:00
1785,8917.58,2018-03-21 12:43:00
1786,8921.46,2018-03-21 12:44:00
1787,8931.4,2018-03-21 12:45:00
1788,8934.32,2018-03-21 12:46:00
1789,8953.6,2018-03-21 12:47:00
1790,8950.2,2018-03-21 12:48:00
1791,8922.61,2018-03-21 12:49:00
1792,8925.52,2018-03-21 12:50:00
1793,8896.18,2018-03-21 12:51:00
1794,8885.84,2018-03-21 12:52:00
1795,8852.11,2018-03-21 12:53:00
1796,8886.82,2018-03-21 12:54:00
1797,8878.52,2018-03-21 12:55:00
1798,8892.99,2018-03-21 12:56:00
1799,8891.28,2018-03-21 12:57:00
1800,8887.99,2018-03-21 12:58:00
1801,8887.52,2018-03-21 12:59:00
1802,8891.65,2018-03-21 13:00:00
1803,8913.13,2018-03-21 13:01:00
1804,8908.99,2018-03-21 13:02:00
1805,8914.97,2018-03-21 13:03:00
1806,8909.58,2018-03-21 13:04:00
1807,8913.4,2018-03-21 13:05:00
1808,8917.47,2018-03-21 13:06:00
1809,8917.11,2018-03-21 13:07:00
1810,8917.6,2018-03-21 13:08:00
1811,8918.43,2018-03-21 13:09:00
1812,8911.98,2018-03-21 13:10:00
1813,8895.19,2018-03-21 13:11:00
1814,8902.41,2018-03-21 13:12:00
1815,8903.36,2018-03-21 13:13:00
1816,8899.76,2018-03-21 13:14:00
1817,8883.43,2018-03-21 13:15:00
1818,8870.08,2018-03-21 13:16:00
1819,8873.33,2018-03-21 13:17:00
1820,8856.69,2018-03-21 13:18:00
1821,8847.13,2018-03-21 13:19:00
1822,8857.89,2018-03-21 13:20:00
1823,8856.74,2018-03-21 13:21:00
1824,8837.8,2018-03-21 13:22:00
1825,8789.71,2018-03-21 13:23:00
1826,8812.5,2018-03-21 13:24:00
1827,8812.24,2018-03-21 13:25:00
1828,8796.57,2018-03-21 13:26:00
1829,8780.24,2018-03-21 13:27:00
1830,8792.11,2018-03-21 13:28:00
1831,8796.37,2018-03-21 13:29:00
1832,8803.95,2018-03-21 13:30:00
1833,8825.06,2018-03-21 13:31:00
1834,8835.15,2018-03-21 13:32:00
1835,8837.53,2018-03-21 13:33:00
1836,8831.66,2018-03-21 13:34:00
1837,8832.12,2018-03-21 13:35:00
1838,8832.68,2018-03-21 13:36:00
1839,8821.8,2018-03-21 13:37:00
1840,8804.51,2018-03-21 13:38:00
1841,8788.43,2018-03-21 13:39:00
1842,8817.18,2018-03-21 13:40:00
1843,8800.61,2018-03-21 13:41:00
1844,8805.92,2018-03-21 13:42:00
1845,8813.97,2018-03-21 13:43:00
1846,8809.65,2018-03-21 13:44:00
1847,8824.33,2018-03-21 13:45:00
1848,8838.86,2018-03-21 13:46:00
1849,8836.04,2018-03-21 13:47:00
1850,8837.24,2018-03-21 13:48:00
1851,8839.61,2018-03-21 13:49:00
1852,8855.83,2018-03-21 13:50:00
1853,8869.97,2018-03-21 13:51:00
1854,8862.91,2018-03-21 13:52:00
1855,8862.97,2018-03-21 13:53:00
1856,8871.73,2018-03-21 13:54:00
1857,8883.19,2018-03-21 13:55:00
1858,8889.09,2018-03-21 13:56:00
1859,8877.19,2018-03-21 13:57:00
1860,8877.23,2018-03-21 13:58:00
1861,8873.36,2018-03-21 13:59:00
1862,8865.31,2018-03-21 14:00:00
1863,8856.98,2018-03-21 14:01:00
1864,8842.78,2018-03-21 14:02:00
1865,8838.83,2018-03-21 14:03:00
1866,8819.15,2018-03-21 14:04:00
1867,8822.37,2018-03-21 14:05:00
1868,8830.1,2018-03-21 14:06:00
1869,8862.13,2018-03-21 14:07:00
1870,8861.61,2018-03-21 14:08:00
1871,8862.81,2018-03-21 14:09:00
1872,8866.59,2018-03-21 14:10:00
1873,8875.77,2018-03-21 14:11:00
1874,8888.86,2018-03-21 14:12:00
1875,8890.41,2018-03-21 14:13:00
1876,8889.15,2018-03-21 14:14:00
1877,8885.86,2018-03-21 14:15:00
1878,8880.13,2018-03-21 14:16:00
1879,8877.81,2018-03-21 14:17:00
1880,8885.25,2018-03-21 14:18:00
1881,8882.18,2018-03-21 14:19:00
1882,8883.44,2018-03-21 14:20:00
1883,8888.63,2018-03-21 14:21:00
1884,8887.84,2018-03-21 14:22:00
1885,8891.17,2018-03-21 14:23:00
1886,8893.15,2018-03-21 14:24:00
1887,8904.67,2018-03-21 14:25:00
1888,8902.53,2018-03-21 14:26:00
1889,8900.64,2018-03-21 14:27:00
1890,8904.03,2018-03-21 14:28:00
1891,8913.0,2018-03-21 14:29:00
1892,8934.28,2018-03-21 14:30:00
1893,8930.85,2018-03-21 14:31:00
1894,8939.58,2018-03-21 14:32:00
1895,8936.98,2018-03-21 14:33:00
1896,8938.36,2018-03-21 14:34:00
1897,8929.75,2018-03-21 14:35:00
1898,8919.34,2018-03-21 14:36:00
1899,8918.07,2018-03-21 14:37:00
1900,8916.44,2018-03-21 14:38:00
1901,8918.81,2018-03-21 14:39:00
1902,8924.54,2018-03-21 14:40:00
1903,8918.38,2018-03-21 14:41:00
1904,8922.27,2018-03-21 14:42:00
1905,8922.54,2018-03-21 14:43:00
1906,8920.87,2018-03-21 14:44:00
1907,8918.08,2018-03-21 14:45:00
1908,8911.17,2018-03-21 14:46:00
1909,8906.91,2018-03-21 14:47:00
1910,8911.62,2018-03-21 14:48:00
1911,8915.46,2018-03-21 14:49:00
1912,8911.95,2018-03-21 14:50:00
1913,8906.17,2018-03-21 14:51:00
1914,8898.27,2018-03-21 14:52:00
1915,8901.55,2018-03-21 14:53:00
1916,8899.39,2018-03-21 14:54:00
1917,8901.83,2018-03-21 14:55:00
1918,8893.05,2018-03-21 14:56:00
1919,8893.97,2018-03-21 14:57:00
1920,8891.42,2018-03-21 14:58:00
1921,8894.4,2018-03-21 14:59:00
1922,8901.03,2018-03-21 15:00:00
1923,8908.59,2018-03-21 15:01:00
1924,8920.56,2018-03-21 15:02:00
1925,8921.49,2018-03-21 15:03:00
1926,8927.83,2018-03-21 15:04:00
1927,8930.21,2018-03-21 15:05:00
1928,8933.49,2018-03-21 15:06:00
1929,8924.37,2018-03-21 15:07:00
1930,8925.57,2018-03-21 15:08:00
1931,8929.55,2018-03-21 15:09:00
1932,8929.86,2018-03-21 15:10:00
1933,8936.59,2018-03-21 15:11:00
1934,8948.59,2018-03-21 15:12:00
1935,8938.47,2018-03-21 15:13:00
1936,8938.77,2018-03-21 15:14:00
1937,8926.45,2018-03-21 15:15:00
1938,8931.25,2018-03-21 15:16:00
1939,8933.56,2018-03-21 15:17:00
1940,8938.73,2018-03-21 15:18:00
1941,8935.52,2018-03-21 15:19:00
1942,8930.33,2018-03-21 15:20:00
1943,8939.64,2018-03-21 15:21:00
1944,8943.7,2018-03-21 15:22:00
1945,8942.29,2018-03-21 15:23:00
1946,8954.32,2018-03-21 15:24:00
1947,8970.99,2018-03-21 15:25:00
1948,8963.4,2018-03-21 15:26:00
1949,8968.17,2018-03-21 15:27:00
1950,8964.11,2018-03-21 15:28:00
1951,8957.73,2018-03-21 15:29:00
1952,8940.74,2018-03-21 15:30:00
1953,8930.28,2018-03-21 15:31:00
1954,8920.68,2018-03-21 15:32:00
1955,8929.74,2018-03-21 15:33:00
1956,8926.98,2018-03-21 15:34:00
1957,8923.48,2018-03-21 15:35:00
1958,8921.48,2018-03-21 15:36:00
1959,8920.15,2018-03-21 15:37:00
1960,8922.63,2018-03-21 15:38:00
1961,8920.55,2018-03-21 15:39:00
1962,8922.4,2018-03-21 15:40:00
1963,8924.69,2018-03-21 15:41:00
1964,8925.92,2018-03-21 15:42:00
1965,8922.86,2018-03-21 15:43:00
1966,8912.71,2018-03-21 15:44:00
1967,8905.18,2018-03-21 15:45:00
1968,8903.49,2018-03-21 15:46:00
1969,8910.02,2018-03-21 15:47:00
1970,8912.4,2018-03-21 15:48:00
1971,8913.07,2018-03-21 15:49:00
1972,8920.11,2018-03-21 15:50:00
1973,8925.04,2018-03-21 15:51:00
1974,8921.91,2018-03-21 15:52:00
1975,8915.33,2018-03-21 15:53:00
1976,8908.6,2018-03-21 15:54:00
1977,8910.32,2018-03-21 15:55:00
1978,8906.35,2018-03-21 15:56:00
1979,8899.96,2018-03-21 15:57:00
1980,8890.97,2018-03-21 15:58:00
1981,8896.04,2018-03-21 15:59:00
1982,8891.28,2018-03-21 16:00:00
1983,8879.4,2018-03-21 16:01:00
1984,8868.42,2018-03-21 16:02:00
1985,8879.31,2018-03-21 16:03:00
1986,8876.17,2018-03-21 16:04:00
1987,8873.13,2018-03-21 16:05:00
1988,8881.66,2018-03-21 16:06:00
1989,8886.01,2018-03-21 16:07:00
1990,8884.39,2018-03-21 16:08:00
1991,8893.62,2018-03-21 16:09:00
1992,8904.12,2018-03-21 16:10:00
1993,8898.81,2018-03-21 16:11:00
1994,8897.28,2018-03-21 16:12:00
1995,8895.84,2018-03-21 16:13:00
1996,8898.13,2018-03-21 16:14:00
1997,8900.2,2018-03-21 16:15:00
1998,8916.3,2018-03-21 16:16:00
1999,8920.36,2018-03-21 16:17:00
2000,8925.52,2018-03-21 16:18:00
